Survey,Smoothed Cost,Smoothed Price,Unsmoothed Cost,Unsmoothed Price,TimePeriod
7/1/2024,,,2.037,2.232,Entire Series
8/1/2024,,,1.923,1.786,Entire Series
9/1/2024,2.036,2.024,2.148,2.053,Entire Series
10/1/2024,2.063,2.059,2.117,2.338,Entire Series
11/1/2024,2.159,2.169,2.211,2.115,Entire Series
12/1/2024,2.199,2.243,2.267,2.276,Entire Series
1/1/2025,2.266,2.381,2.32,2.753,Entire Series
2/1/2025,2.204,2.365,2.024,2.067,Entire Series
3/1/2025,2.162,2.356,2.142,2.247,Entire Series
4/1/2025,2.327,2.391,2.816,2.858,Entire Series
5/1/2025,2.419,2.515,2.299,2.439,Entire Series
6/1/2025,2.497,2.582,2.377,2.448,Entire Series
7/1/2025,2.231,2.322,2.016,2.079,Entire Series
8/1/2025,2.105,2.121,1.923,1.836,Entire Series
9/1/2025,1.972,1.914,1.975,1.827,Entire Series
10/1/2025,1.974,2.004,2.024,2.348,Entire Series
11/1/2025,1.981,2.05,1.945,1.975,Entire Series
12/1/2025,2.073,2.186,2.249,2.234,Entire Series
1/1/2026,1.98,2.067,1.747,1.993,Entire Series
2/1/2026,1.94,2.05,1.825,1.924,Entire Series
3/1/2026,1.921,2.069,2.191,2.288,Entire Series
4/1/2026,2.003,2.163,1.993,2.276,Entire Series
5/1/2026,2.048,2.241,1.962,2.16,Entire Series
6/1/2026,2.113,2.324,2.384,2.535,Entire Series
7/1/2026,2.029,2.228,1.743,1.988,Entire Series
8/1/2026,1.954,2.084,1.736,1.728,Entire Series
8/1/2025,2.105,2.121,1.923,1.836,Last 12 months
9/1/2025,1.972,1.914,1.975,1.827,Last 12 months
10/1/2025,1.974,2.004,2.024,2.348,Last 12 months
11/1/2025,1.981,2.05,1.945,1.975,Last 12 months
12/1/2025,2.073,2.186,2.249,2.234,Last 12 months
1/1/2026,1.98,2.067,1.747,1.993,Last 12 months
2/1/2026,1.94,2.05,1.825,1.924,Last 12 months
3/1/2026,1.921,2.069,2.191,2.288,Last 12 months
4/1/2026,2.003,2.163,1.993,2.276,Last 12 months
5/1/2026,2.048,2.241,1.962,2.16,Last 12 months
6/1/2026,2.113,2.324,2.384,2.535,Last 12 months
7/1/2026,2.029,2.228,1.743,1.988,Last 12 months
8/1/2026,1.954,2.084,1.736,1.728,Last 12 months
