Quarter,Realized | Average past 12 months,Expected | Average next 12 months,TimePeriod,Survey
2020 Q4,5.1,,2018 forward,12/1/2020
2021 Q2,4.5,,2018 forward,4/1/2021
2021 Q3,9.6,,2018 forward,7/1/2021
2021 Q4,9.4,,2018 forward,11/1/2021
2021 Q4,,1.6,2018 forward,12/1/2021
2022 Q1,9.800000000000001,,2018 forward,3/1/2022
2022 Q2,,2.8299999,2018 forward,4/1/2022
2022 Q3,,2.8,2018 forward,7/1/2022
2022 Q4,,5.4000001,2018 forward,11/1/2022
2022 Q4,12.3,,2018 forward,12/1/2022
2023 Q1,,7,2018 forward,3/1/2023
2023 Q2,7.5,,2018 forward,5/1/2023
2023 Q4,7.8,,2018 forward,10/1/2023
2023 Q4,,6.4000001,2018 forward,12/1/2023
2024 Q1,6.037052491,,2018 forward,2/1/2024
2024 Q2,4.48913129,3.8,2018 forward,5/1/2024
2024 Q3,5.553180393,,2018 forward,8/1/2024
2024 Q4,,3.4000001,2018 forward,10/1/2024
2024 Q4,4.071009087,,2018 forward,11/1/2024
2025 Q1,3.535770791,3.84796,2018 forward,2/1/2025
2025 Q2,3.947720155,3.4447238,2018 forward,5/1/2025
2025 Q3,4.30323014,3.9669895,2018 forward,8/1/2025
2025 Q4,3.087053958,3.2421639,2018 forward,11/1/2025
2026 Q1,3.694384813308716,4.0128717,2018 forward,2/1/2026
2026 Q2,3.663225889205933,5.0026608,2018 forward,5/1/2026
2026 Q3,,3.9324138,2018 forward,8/1/2026
2026 Q4,,3.0363064,2018 forward,11/1/2026
2027 Q1,,3.0552375,2018 forward,2/1/2027
2027 Q2,,4.0847731,2018 forward,5/1/2027
2025 Q3,4.30323014,3.9669895,Last 12 months,8/1/2025
2025 Q4,3.087053958,3.2421639,Last 12 months,11/1/2025
2026 Q1,3.694384813308716,4.0128717,Last 12 months,2/1/2026
2026 Q2,3.663225889205933,5.0026608,Last 12 months,5/1/2026
2026 Q3,,3.9324138,Last 12 months,8/1/2026
2026 Q4,,3.0363064,Last 12 months,11/1/2026
2027 Q1,,3.0552375,Last 12 months,2/1/2027
2027 Q2,,4.0847731,Last 12 months,5/1/2027
2023 Q4,7.8,,Last 3 years,10/1/2023
2023 Q4,,6.4000001,Last 3 years,12/1/2023
2024 Q1,6.037052491,,Last 3 years,2/1/2024
2024 Q2,4.48913129,3.8,Last 3 years,5/1/2024
2024 Q3,5.553180393,,Last 3 years,8/1/2024
2024 Q4,,3.4000001,Last 3 years,10/1/2024
2024 Q4,4.071009087,,Last 3 years,11/1/2024
2025 Q1,3.535770791,3.84796,Last 3 years,2/1/2025
2025 Q2,3.947720155,3.4447238,Last 3 years,5/1/2025
2025 Q3,4.30323014,3.9669895,Last 3 years,8/1/2025
2025 Q4,3.087053958,3.2421639,Last 3 years,11/1/2025
2026 Q1,3.694384813308716,4.0128717,Last 3 years,2/1/2026
2026 Q2,3.663225889205933,5.0026608,Last 3 years,5/1/2026
2026 Q3,,3.9324138,Last 3 years,8/1/2026
2026 Q4,,3.0363064,Last 3 years,11/1/2026
2027 Q1,,3.0552375,Last 3 years,2/1/2027
2027 Q2,,4.0847731,Last 3 years,5/1/2027
2021 Q4,9.4,,Last 5 years,11/1/2021
2021 Q4,,1.6,Last 5 years,12/1/2021
2022 Q1,9.800000000000001,,Last 5 years,3/1/2022
2022 Q2,,2.8299999,Last 5 years,4/1/2022
2022 Q3,,2.8,Last 5 years,7/1/2022
2022 Q4,,5.4000001,Last 5 years,11/1/2022
2022 Q4,12.3,,Last 5 years,12/1/2022
2023 Q1,,7,Last 5 years,3/1/2023
2023 Q2,7.5,,Last 5 years,5/1/2023
2023 Q4,7.8,,Last 5 years,10/1/2023
2023 Q4,,6.4000001,Last 5 years,12/1/2023
2024 Q1,6.037052491,,Last 5 years,2/1/2024
2024 Q2,4.48913129,3.8,Last 5 years,5/1/2024
2024 Q3,5.553180393,,Last 5 years,8/1/2024
2024 Q4,,3.4000001,Last 5 years,10/1/2024
2024 Q4,4.071009087,,Last 5 years,11/1/2024
2025 Q1,3.535770791,3.84796,Last 5 years,2/1/2025
2025 Q2,3.947720155,3.4447238,Last 5 years,5/1/2025
2025 Q3,4.30323014,3.9669895,Last 5 years,8/1/2025
2025 Q4,3.087053958,3.2421639,Last 5 years,11/1/2025
2026 Q1,3.694384813308716,4.0128717,Last 5 years,2/1/2026
2026 Q2,3.663225889205933,5.0026608,Last 5 years,5/1/2026
2026 Q3,,3.9324138,Last 5 years,8/1/2026
2026 Q4,,3.0363064,Last 5 years,11/1/2026
2027 Q1,,3.0552375,Last 5 years,2/1/2027
2027 Q2,,4.0847731,Last 5 years,5/1/2027
2020 Q4,5.1,,Last 10 years,12/1/2020
2021 Q2,4.5,,Last 10 years,4/1/2021
2021 Q3,9.6,,Last 10 years,7/1/2021
2021 Q4,9.4,,Last 10 years,11/1/2021
2021 Q4,,1.6,Last 10 years,12/1/2021
2022 Q1,9.800000000000001,,Last 10 years,3/1/2022
2022 Q2,,2.8299999,Last 10 years,4/1/2022
2022 Q3,,2.8,Last 10 years,7/1/2022
2022 Q4,,5.4000001,Last 10 years,11/1/2022
2022 Q4,12.3,,Last 10 years,12/1/2022
2023 Q1,,7,Last 10 years,3/1/2023
2023 Q2,7.5,,Last 10 years,5/1/2023
2023 Q4,7.8,,Last 10 years,10/1/2023
2023 Q4,,6.4000001,Last 10 years,12/1/2023
2024 Q1,6.037052491,,Last 10 years,2/1/2024
2024 Q2,4.48913129,3.8,Last 10 years,5/1/2024
2024 Q3,5.553180393,,Last 10 years,8/1/2024
2024 Q4,,3.4000001,Last 10 years,10/1/2024
2024 Q4,4.071009087,,Last 10 years,11/1/2024
2025 Q1,3.535770791,3.84796,Last 10 years,2/1/2025
2025 Q2,3.947720155,3.4447238,Last 10 years,5/1/2025
2025 Q3,4.30323014,3.9669895,Last 10 years,8/1/2025
2025 Q4,3.087053958,3.2421639,Last 10 years,11/1/2025
2026 Q1,3.694384813308716,4.0128717,Last 10 years,2/1/2026
2026 Q2,3.663225889205933,5.0026608,Last 10 years,5/1/2026
2026 Q3,,3.9324138,Last 10 years,8/1/2026
2026 Q4,,3.0363064,Last 10 years,11/1/2026
2027 Q1,,3.0552375,Last 10 years,2/1/2027
2027 Q2,,4.0847731,Last 10 years,5/1/2027
2020 Q4,5.1,,Entire Series,12/1/2020
2021 Q2,4.5,,Entire Series,4/1/2021
2021 Q3,9.6,,Entire Series,7/1/2021
2021 Q4,9.4,,Entire Series,11/1/2021
2021 Q4,,1.6,Entire Series,12/1/2021
2022 Q1,9.800000000000001,,Entire Series,3/1/2022
2022 Q2,,2.8299999,Entire Series,4/1/2022
2022 Q3,,2.8,Entire Series,7/1/2022
2022 Q4,,5.4000001,Entire Series,11/1/2022
2022 Q4,12.3,,Entire Series,12/1/2022
2023 Q1,,7,Entire Series,3/1/2023
2023 Q2,7.5,,Entire Series,5/1/2023
2023 Q4,7.8,,Entire Series,10/1/2023
2023 Q4,,6.4000001,Entire Series,12/1/2023
2024 Q1,6.037052491,,Entire Series,2/1/2024
2024 Q2,4.48913129,3.8,Entire Series,5/1/2024
2024 Q3,5.553180393,,Entire Series,8/1/2024
2024 Q4,,3.4000001,Entire Series,10/1/2024
2024 Q4,4.071009087,,Entire Series,11/1/2024
2025 Q1,3.535770791,3.84796,Entire Series,2/1/2025
2025 Q2,3.947720155,3.4447238,Entire Series,5/1/2025
2025 Q3,4.30323014,3.9669895,Entire Series,8/1/2025
2025 Q4,3.087053958,3.2421639,Entire Series,11/1/2025
2026 Q1,3.694384813308716,4.0128717,Entire Series,2/1/2026
2026 Q2,3.663225889205933,5.0026608,Entire Series,5/1/2026
2026 Q3,,3.9324138,Entire Series,8/1/2026
2026 Q4,,3.0363064,Entire Series,11/1/2026
2027 Q1,,3.0552375,Entire Series,2/1/2027
2027 Q2,,4.0847731,Entire Series,5/1/2027
