Survey,Realized,Expected,TimePeriod
9/1/2016,3.544,,Entire Series
10/1/2016,2.671,,Entire Series
11/1/2016,1.795,,Entire Series
12/1/2016,3.947,,Entire Series
1/1/2017,2.398,,Entire Series
2/1/2017,4.102,,Entire Series
3/1/2017,3.479,,Entire Series
4/1/2017,4.361,,Entire Series
5/1/2017,4.057,,Entire Series
6/1/2017,3.911,,Entire Series
7/1/2017,4.586,,Entire Series
8/1/2017,5.756,,Entire Series
9/1/2017,5.19,2.947,Entire Series
10/1/2017,4.538,3.2,Entire Series
11/1/2017,4.473,4.031,Entire Series
12/1/2017,5.077,4.042,Entire Series
1/1/2018,5.469,4.491,Entire Series
2/1/2018,5.898,4.32,Entire Series
3/1/2018,4.261,4.309,Entire Series
4/1/2018,5.544,4.715,Entire Series
5/1/2018,8.385,4.201,Entire Series
6/1/2018,6.393,4.191,Entire Series
7/1/2018,6.463,3.981,Entire Series
8/1/2018,5.944,4.177,Entire Series
9/1/2018,8.229,4.327,Entire Series
10/1/2018,6.316,4.291,Entire Series
11/1/2018,6.019,4.448,Entire Series
12/1/2018,6.728,4.212,Entire Series
1/1/2019,8.144,4.364,Entire Series
2/1/2019,6.326,4.582,Entire Series
3/1/2019,7.685,5.05,Entire Series
4/1/2019,4.55,5.146,Entire Series
5/1/2019,3.75,4.988,Entire Series
6/1/2019,7.044,4.667,Entire Series
7/1/2019,4.014,5.486,Entire Series
8/1/2019,2.153,5.561,Entire Series
9/1/2019,4.104,5.053,Entire Series
10/1/2019,4.248,5.407,Entire Series
11/1/2019,2.616,5.416,Entire Series
12/1/2019,4.718,4.875,Entire Series
1/1/2020,5.143,4.426,Entire Series
2/1/2020,4.213,4.353,Entire Series
3/1/2020,2.219,4.179,Entire Series
4/1/2020,-.937,4.706,Entire Series
5/1/2020,-.926,5.069,Entire Series
6/1/2020,-9.617,4.864,Entire Series
7/1/2020,-5.596,4.406,Entire Series
8/1/2020,-3.141,4.536,Entire Series
9/1/2020,-4.359,4.162,Entire Series
10/1/2020,-1.004,4.207,Entire Series
11/1/2020,-4.544,3.989,Entire Series
12/1/2020,-3.903,3.754,Entire Series
1/1/2021,-3.146,3.805,Entire Series
2/1/2021,1.612,3.716,Entire Series
3/1/2021,1.039,2.656,Entire Series
4/1/2021,6.173,.618,Entire Series
5/1/2021,8.632,-.617,Entire Series
6/1/2021,13.744,-.066,Entire Series
7/1/2021,8.528,1.395,Entire Series
8/1/2021,11.097,1.426,Entire Series
9/1/2021,12.075,2.183,Entire Series
10/1/2021,9.237,3.356,Entire Series
11/1/2021,10.994,3.544,Entire Series
12/1/2021,9.031,3.801,Entire Series
1/1/2022,10.903,4.537,Entire Series
2/1/2022,8.992,5.744,Entire Series
3/1/2022,11.634,5.261,Entire Series
4/1/2022,7.628,5.386,Entire Series
5/1/2022,10.649,6.252,Entire Series
6/1/2022,6.679,6.158,Entire Series
7/1/2022,11.033,6.487,Entire Series
8/1/2022,6.747,5.903,Entire Series
9/1/2022,8.462,5.379,Entire Series
10/1/2022,8.734,5.867,Entire Series
11/1/2022,8.536,5.4,Entire Series
12/1/2022,7.25,5.251,Entire Series
1/1/2023,8.579,5.416,Entire Series
2/1/2023,8.836,5.084,Entire Series
3/1/2023,4.67,5.615,Entire Series
4/1/2023,6.924,6.92,Entire Series
5/1/2023,7.49,6.738,Entire Series
6/1/2023,5.284,5.83,Entire Series
7/1/2023,5.263,5.198,Entire Series
8/1/2023,5.834,4.593,Entire Series
9/1/2023,4.842,4.837,Entire Series
10/1/2023,3.598,4.564,Entire Series
11/1/2023,2.228,4.838,Entire Series
12/1/2023,3.965,5.466,Entire Series
1/1/2024,2.909,4.832,Entire Series
2/1/2024,3.823,4.83,Entire Series
3/1/2024,4.03,5.158,Entire Series
4/1/2024,4.276,4.283,Entire Series
5/1/2024,4.728,3.969,Entire Series
6/1/2024,2.364,4.286,Entire Series
7/1/2024,3.39,3.838,Entire Series
8/1/2024,3.277,3.809,Entire Series
9/1/2024,2.968,4.179,Entire Series
10/1/2024,5.152,3.69,Entire Series
11/1/2024,3.78,3.496,Entire Series
12/1/2024,2.006,3.819,Entire Series
1/1/2025,3.155,3.867,Entire Series
2/1/2025,2.391,3.799,Entire Series
3/1/2025,2.414,4.04,Entire Series
4/1/2025,3.458,4.302,Entire Series
5/1/2025,3.054,4.087,Entire Series
6/1/2025,3.985,3.694,Entire Series
7/1/2025,3.731,3.94,Entire Series
8/1/2025,5.307,3.763,Entire Series
9/1/2025,3.534,4.028,Entire Series
10/1/2025,3.292,4.361,Entire Series
11/1/2025,3.427,4.998,Entire Series
12/1/2025,2.602,5.263,Entire Series
1/1/2026,3.124,5.043,Entire Series
2/1/2026,4.434,4.652,Entire Series
3/1/2026,3.482,4.417,Entire Series
4/1/2026,3.984,3.883,Entire Series
5/1/2026,4.906,3.894,Entire Series
6/1/2026,6.171,4.012,Entire Series
7/1/2026,5.042,4.378,Entire Series
8/1/2026,7.15,4.551,Entire Series
9/1/2026,,4.55,Entire Series
10/1/2026,,4.701,Entire Series
11/1/2026,,4.781,Entire Series
12/1/2026,,5.17,Entire Series
1/1/2027,,5.237,Entire Series
2/1/2027,,5.581,Entire Series
3/1/2027,,5.354,Entire Series
4/1/2027,,5.277,Entire Series
5/1/2027,,5.057,Entire Series
6/1/2027,,5.353,Entire Series
7/1/2027,,5.505,Entire Series
8/1/2027,,5.655,Entire Series
8/1/2025,5.307,3.763,Last 12 months
9/1/2025,3.534,4.028,Last 12 months
10/1/2025,3.292,4.361,Last 12 months
11/1/2025,3.427,4.998,Last 12 months
12/1/2025,2.602,5.263,Last 12 months
1/1/2026,3.124,5.043,Last 12 months
2/1/2026,4.434,4.652,Last 12 months
3/1/2026,3.482,4.417,Last 12 months
4/1/2026,3.984,3.883,Last 12 months
5/1/2026,4.906,3.894,Last 12 months
6/1/2026,6.171,4.012,Last 12 months
7/1/2026,5.042,4.378,Last 12 months
8/1/2026,7.15,4.551,Last 12 months
9/1/2026,,4.55,Last 12 months
10/1/2026,,4.701,Last 12 months
11/1/2026,,4.781,Last 12 months
12/1/2026,,5.17,Last 12 months
1/1/2027,,5.237,Last 12 months
2/1/2027,,5.581,Last 12 months
3/1/2027,,5.354,Last 12 months
4/1/2027,,5.277,Last 12 months
5/1/2027,,5.057,Last 12 months
6/1/2027,,5.353,Last 12 months
7/1/2027,,5.505,Last 12 months
8/1/2027,,5.655,Last 12 months
8/1/2023,5.834,4.593,Last 3 years
9/1/2023,4.842,4.837,Last 3 years
10/1/2023,3.598,4.564,Last 3 years
11/1/2023,2.228,4.838,Last 3 years
12/1/2023,3.965,5.466,Last 3 years
1/1/2024,2.909,4.832,Last 3 years
2/1/2024,3.823,4.83,Last 3 years
3/1/2024,4.03,5.158,Last 3 years
4/1/2024,4.276,4.283,Last 3 years
5/1/2024,4.728,3.969,Last 3 years
6/1/2024,2.364,4.286,Last 3 years
7/1/2024,3.39,3.838,Last 3 years
8/1/2024,3.277,3.809,Last 3 years
9/1/2024,2.968,4.179,Last 3 years
10/1/2024,5.152,3.69,Last 3 years
11/1/2024,3.78,3.496,Last 3 years
12/1/2024,2.006,3.819,Last 3 years
1/1/2025,3.155,3.867,Last 3 years
2/1/2025,2.391,3.799,Last 3 years
3/1/2025,2.414,4.04,Last 3 years
4/1/2025,3.458,4.302,Last 3 years
5/1/2025,3.054,4.087,Last 3 years
6/1/2025,3.985,3.694,Last 3 years
7/1/2025,3.731,3.94,Last 3 years
8/1/2025,5.307,3.763,Last 3 years
9/1/2025,3.534,4.028,Last 3 years
10/1/2025,3.292,4.361,Last 3 years
11/1/2025,3.427,4.998,Last 3 years
12/1/2025,2.602,5.263,Last 3 years
1/1/2026,3.124,5.043,Last 3 years
2/1/2026,4.434,4.652,Last 3 years
3/1/2026,3.482,4.417,Last 3 years
4/1/2026,3.984,3.883,Last 3 years
5/1/2026,4.906,3.894,Last 3 years
6/1/2026,6.171,4.012,Last 3 years
7/1/2026,5.042,4.378,Last 3 years
8/1/2026,7.15,4.551,Last 3 years
9/1/2026,,4.55,Last 3 years
10/1/2026,,4.701,Last 3 years
11/1/2026,,4.781,Last 3 years
12/1/2026,,5.17,Last 3 years
1/1/2027,,5.237,Last 3 years
2/1/2027,,5.581,Last 3 years
3/1/2027,,5.354,Last 3 years
4/1/2027,,5.277,Last 3 years
5/1/2027,,5.057,Last 3 years
6/1/2027,,5.353,Last 3 years
7/1/2027,,5.505,Last 3 years
8/1/2027,,5.655,Last 3 years
8/1/2021,11.097,1.426,Last 5 years
9/1/2021,12.075,2.183,Last 5 years
10/1/2021,9.237,3.356,Last 5 years
11/1/2021,10.994,3.544,Last 5 years
12/1/2021,9.031,3.801,Last 5 years
1/1/2022,10.903,4.537,Last 5 years
2/1/2022,8.992,5.744,Last 5 years
3/1/2022,11.634,5.261,Last 5 years
4/1/2022,7.628,5.386,Last 5 years
5/1/2022,10.649,6.252,Last 5 years
6/1/2022,6.679,6.158,Last 5 years
7/1/2022,11.033,6.487,Last 5 years
8/1/2022,6.747,5.903,Last 5 years
9/1/2022,8.462,5.379,Last 5 years
10/1/2022,8.734,5.867,Last 5 years
11/1/2022,8.536,5.4,Last 5 years
12/1/2022,7.25,5.251,Last 5 years
1/1/2023,8.579,5.416,Last 5 years
2/1/2023,8.836,5.084,Last 5 years
3/1/2023,4.67,5.615,Last 5 years
4/1/2023,6.924,6.92,Last 5 years
5/1/2023,7.49,6.738,Last 5 years
6/1/2023,5.284,5.83,Last 5 years
7/1/2023,5.263,5.198,Last 5 years
8/1/2023,5.834,4.593,Last 5 years
9/1/2023,4.842,4.837,Last 5 years
10/1/2023,3.598,4.564,Last 5 years
11/1/2023,2.228,4.838,Last 5 years
12/1/2023,3.965,5.466,Last 5 years
1/1/2024,2.909,4.832,Last 5 years
2/1/2024,3.823,4.83,Last 5 years
3/1/2024,4.03,5.158,Last 5 years
4/1/2024,4.276,4.283,Last 5 years
5/1/2024,4.728,3.969,Last 5 years
6/1/2024,2.364,4.286,Last 5 years
7/1/2024,3.39,3.838,Last 5 years
8/1/2024,3.277,3.809,Last 5 years
9/1/2024,2.968,4.179,Last 5 years
10/1/2024,5.152,3.69,Last 5 years
11/1/2024,3.78,3.496,Last 5 years
12/1/2024,2.006,3.819,Last 5 years
1/1/2025,3.155,3.867,Last 5 years
2/1/2025,2.391,3.799,Last 5 years
3/1/2025,2.414,4.04,Last 5 years
4/1/2025,3.458,4.302,Last 5 years
5/1/2025,3.054,4.087,Last 5 years
6/1/2025,3.985,3.694,Last 5 years
7/1/2025,3.731,3.94,Last 5 years
8/1/2025,5.307,3.763,Last 5 years
9/1/2025,3.534,4.028,Last 5 years
10/1/2025,3.292,4.361,Last 5 years
11/1/2025,3.427,4.998,Last 5 years
12/1/2025,2.602,5.263,Last 5 years
1/1/2026,3.124,5.043,Last 5 years
2/1/2026,4.434,4.652,Last 5 years
3/1/2026,3.482,4.417,Last 5 years
4/1/2026,3.984,3.883,Last 5 years
5/1/2026,4.906,3.894,Last 5 years
6/1/2026,6.171,4.012,Last 5 years
7/1/2026,5.042,4.378,Last 5 years
8/1/2026,7.15,4.551,Last 5 years
9/1/2026,,4.55,Last 5 years
10/1/2026,,4.701,Last 5 years
11/1/2026,,4.781,Last 5 years
12/1/2026,,5.17,Last 5 years
1/1/2027,,5.237,Last 5 years
2/1/2027,,5.581,Last 5 years
3/1/2027,,5.354,Last 5 years
4/1/2027,,5.277,Last 5 years
5/1/2027,,5.057,Last 5 years
6/1/2027,,5.353,Last 5 years
7/1/2027,,5.505,Last 5 years
8/1/2027,,5.655,Last 5 years
2/1/2018,5.898,4.32,2018 onward
3/1/2018,4.261,4.309,2018 onward
4/1/2018,5.544,4.715,2018 onward
5/1/2018,8.385,4.201,2018 onward
6/1/2018,6.393,4.191,2018 onward
7/1/2018,6.463,3.981,2018 onward
8/1/2018,5.944,4.177,2018 onward
9/1/2018,8.229,4.327,2018 onward
10/1/2018,6.316,4.291,2018 onward
11/1/2018,6.019,4.448,2018 onward
12/1/2018,6.728,4.212,2018 onward
1/1/2019,8.144,4.364,2018 onward
2/1/2019,6.326,4.582,2018 onward
3/1/2019,7.685,5.05,2018 onward
4/1/2019,4.55,5.146,2018 onward
5/1/2019,3.75,4.988,2018 onward
6/1/2019,7.044,4.667,2018 onward
7/1/2019,4.014,5.486,2018 onward
8/1/2019,2.153,5.561,2018 onward
9/1/2019,4.104,5.053,2018 onward
10/1/2019,4.248,5.407,2018 onward
11/1/2019,2.616,5.416,2018 onward
12/1/2019,4.718,4.875,2018 onward
1/1/2020,5.143,4.426,2018 onward
2/1/2020,4.213,4.353,2018 onward
3/1/2020,2.219,4.179,2018 onward
4/1/2020,-.937,4.706,2018 onward
5/1/2020,-.926,5.069,2018 onward
6/1/2020,-9.617,4.864,2018 onward
7/1/2020,-5.596,4.406,2018 onward
8/1/2020,-3.141,4.536,2018 onward
9/1/2020,-4.359,4.162,2018 onward
10/1/2020,-1.004,4.207,2018 onward
11/1/2020,-4.544,3.989,2018 onward
12/1/2020,-3.903,3.754,2018 onward
1/1/2021,-3.146,3.805,2018 onward
2/1/2021,1.612,3.716,2018 onward
3/1/2021,1.039,2.656,2018 onward
4/1/2021,6.173,.618,2018 onward
5/1/2021,8.632,-.617,2018 onward
6/1/2021,13.744,-.066,2018 onward
7/1/2021,8.528,1.395,2018 onward
8/1/2021,11.097,1.426,2018 onward
9/1/2021,12.075,2.183,2018 onward
10/1/2021,9.237,3.356,2018 onward
11/1/2021,10.994,3.544,2018 onward
12/1/2021,9.031,3.801,2018 onward
1/1/2022,10.903,4.537,2018 onward
2/1/2022,8.992,5.744,2018 onward
3/1/2022,11.634,5.261,2018 onward
4/1/2022,7.628,5.386,2018 onward
5/1/2022,10.649,6.252,2018 onward
6/1/2022,6.679,6.158,2018 onward
7/1/2022,11.033,6.487,2018 onward
8/1/2022,6.747,5.903,2018 onward
9/1/2022,8.462,5.379,2018 onward
10/1/2022,8.734,5.867,2018 onward
11/1/2022,8.536,5.4,2018 onward
12/1/2022,7.25,5.251,2018 onward
1/1/2023,8.579,5.416,2018 onward
2/1/2023,8.836,5.084,2018 onward
3/1/2023,4.67,5.615,2018 onward
4/1/2023,6.924,6.92,2018 onward
5/1/2023,7.49,6.738,2018 onward
6/1/2023,5.284,5.83,2018 onward
7/1/2023,5.263,5.198,2018 onward
8/1/2023,5.834,4.593,2018 onward
9/1/2023,4.842,4.837,2018 onward
10/1/2023,3.598,4.564,2018 onward
11/1/2023,2.228,4.838,2018 onward
12/1/2023,3.965,5.466,2018 onward
1/1/2024,2.909,4.832,2018 onward
2/1/2024,3.823,4.83,2018 onward
3/1/2024,4.03,5.158,2018 onward
4/1/2024,4.276,4.283,2018 onward
5/1/2024,4.728,3.969,2018 onward
6/1/2024,2.364,4.286,2018 onward
7/1/2024,3.39,3.838,2018 onward
8/1/2024,3.277,3.809,2018 onward
9/1/2024,2.968,4.179,2018 onward
10/1/2024,5.152,3.69,2018 onward
11/1/2024,3.78,3.496,2018 onward
12/1/2024,2.006,3.819,2018 onward
1/1/2025,3.155,3.867,2018 onward
2/1/2025,2.391,3.799,2018 onward
3/1/2025,2.414,4.04,2018 onward
4/1/2025,3.458,4.302,2018 onward
5/1/2025,3.054,4.087,2018 onward
6/1/2025,3.985,3.694,2018 onward
7/1/2025,3.731,3.94,2018 onward
8/1/2025,5.307,3.763,2018 onward
9/1/2025,3.534,4.028,2018 onward
10/1/2025,3.292,4.361,2018 onward
11/1/2025,3.427,4.998,2018 onward
12/1/2025,2.602,5.263,2018 onward
1/1/2026,3.124,5.043,2018 onward
2/1/2026,4.434,4.652,2018 onward
3/1/2026,3.482,4.417,2018 onward
4/1/2026,3.984,3.883,2018 onward
5/1/2026,4.906,3.894,2018 onward
6/1/2026,6.171,4.012,2018 onward
7/1/2026,5.042,4.378,2018 onward
8/1/2026,7.15,4.551,2018 onward
9/1/2026,,4.55,2018 onward
10/1/2026,,4.701,2018 onward
11/1/2026,,4.781,2018 onward
12/1/2026,,5.17,2018 onward
1/1/2027,,5.237,2018 onward
2/1/2027,,5.581,2018 onward
3/1/2027,,5.354,2018 onward
4/1/2027,,5.277,2018 onward
5/1/2027,,5.057,2018 onward
6/1/2027,,5.353,2018 onward
7/1/2027,,5.505,2018 onward
8/1/2027,,5.655,2018 onward
