Survey,Unsmoothed Sales Revenue,Unsmoothed Employment,Smoothed Sales Revenue,Smoothed Employment,TimePeriod
9/1/2016,3.145,4.498,3.545,4.549,Entire Series
10/1/2016,3.236,4.012,3.682,4.548,Entire Series
11/1/2016,3.404,4.186,3.262,4.232,Entire Series
12/1/2016,2.85,3.92,3.127,4.053,Entire Series
1/1/2017,3.107,3.947,2.979,3.934,Entire Series
2/1/2017,2.967,4.238,3.037,4.093,Entire Series
3/1/2017,2.99,4.363,2.978,4.3,Entire Series
4/1/2017,2.796,4.504,2.893,4.433,Entire Series
5/1/2017,2.821,4,2.809,4.252,Entire Series
6/1/2017,3.147,3.899,2.984,3.949,Entire Series
7/1/2017,3.046,4.057,3.096,3.978,Entire Series
8/1/2017,2.833,3.973,2.939,4.015,Entire Series
9/1/2017,3.06,3.903,2.947,3.938,Entire Series
10/1/2017,2.715,4.113,2.888,4.008,Entire Series
11/1/2017,3.29,4.085,3.002,4.099,Entire Series
12/1/2017,2.917,3.739,3.103,3.912,Entire Series
1/1/2018,3.35,4.025,3.133,3.882,Entire Series
2/1/2018,2.399,3.6,2.874,3.813,Entire Series
3/1/2018,3.211,4.307,2.805,3.954,Entire Series
4/1/2018,2.946,3.537,3.079,3.922,Entire Series
5/1/2018,2.929,4.003,2.938,3.77,Entire Series
6/1/2018,2.677,3.576,2.803,3.79,Entire Series
7/1/2018,3.498,4.153,3.088,3.864,Entire Series
8/1/2018,2.579,4.111,3.038,4.132,Entire Series
9/1/2018,3.24,4.008,2.909,4.06,Entire Series
10/1/2018,2.776,3.735,3.008,3.872,Entire Series
11/1/2018,3.29,4.278,3.033,4.007,Entire Series
12/1/2018,3.155,3.865,3.222,4.071,Entire Series
1/1/2019,3.094,3.527,3.124,3.696,Entire Series
2/1/2019,2.917,3.621,3.005,3.574,Entire Series
3/1/2019,2.955,3.584,2.936,3.603,Entire Series
4/1/2019,3.293,4.114,3.124,3.849,Entire Series
5/1/2019,2.644,4.379,2.969,4.246,Entire Series
6/1/2019,3.609,3.984,3.182,4.159,Entire Series
7/1/2019,2.892,3.675,3.048,4.013,Entire Series
8/1/2019,3.783,3.969,3.428,3.876,Entire Series
9/1/2019,3.078,3.765,3.251,3.803,Entire Series
10/1/2019,3.016,4.083,3.292,3.939,Entire Series
11/1/2019,3.006,4.379,3.033,4.076,Entire Series
12/1/2019,3.39,4.176,3.137,4.213,Entire Series
1/1/2020,2.685,3.782,3.027,4.112,Entire Series
2/1/2020,3.188,4.349,3.088,4.102,Entire Series
3/1/2020,5.225,4.275,3.699,4.135,Entire Series
4/1/2020,5.941,6.266,4.785,4.963,Entire Series
5/1/2020,6.394,6.564,5.853,5.702,Entire Series
6/1/2020,5.915,5.282,6.083,6.037,Entire Series
7/1/2020,5.394,5.049,5.901,5.632,Entire Series
8/1/2020,6.005,5.934,5.771,5.422,Entire Series
9/1/2020,4.867,5.475,5.436,5.704,Entire Series
10/1/2020,5.354,5.601,5.111,5.538,Entire Series
11/1/2020,5.046,5.406,5.2,5.504,Entire Series
12/1/2020,4.977,5.294,5.011,5.35,Entire Series
1/1/2021,3.982,5.226,4.48,5.26,Entire Series
2/1/2021,4.559,5.185,4.271,5.205,Entire Series
3/1/2021,4.568,5.038,4.564,5.111,Entire Series
4/1/2021,4.62,4.499,4.594,4.769,Entire Series
5/1/2021,4.052,5.056,4.336,4.777,Entire Series
6/1/2021,4.219,4.401,4.135,4.728,Entire Series
7/1/2021,5.258,5.284,4.739,4.842,Entire Series
8/1/2021,4.315,4.294,4.786,4.789,Entire Series
9/1/2021,4.276,6.085,4.295,5.19,Entire Series
10/1/2021,4.461,4.349,4.369,5.217,Entire Series
11/1/2021,4.504,4.809,4.483,4.579,Entire Series
12/1/2021,4.334,4.411,4.419,4.61,Entire Series
1/1/2022,4.246,5.311,4.29,4.861,Entire Series
2/1/2022,4.319,5.464,4.283,5.387,Entire Series
3/1/2022,4.548,4.902,4.434,5.183,Entire Series
4/1/2022,4.301,4.385,4.425,4.643,Entire Series
5/1/2022,4.587,4.733,4.444,4.559,Entire Series
6/1/2022,4.91,5.018,4.748,4.876,Entire Series
7/1/2022,5.168,5.05,5.039,5.034,Entire Series
8/1/2022,4.355,5.762,4.761,5.406,Entire Series
9/1/2022,3.916,5.235,4.136,5.499,Entire Series
10/1/2022,4.843,4.176,4.38,4.706,Entire Series
11/1/2022,4.534,4.254,4.689,4.215,Entire Series
12/1/2022,4.382,4.271,4.458,4.263,Entire Series
1/1/2023,4.156,4.417,4.269,4.344,Entire Series
2/1/2023,3.924,4.168,4.04,4.293,Entire Series
3/1/2023,4.705,4.406,4.315,4.287,Entire Series
4/1/2023,4.436,4.522,4.57,4.464,Entire Series
5/1/2023,5.055,4.452,4.745,4.487,Entire Series
6/1/2023,4.951,4.124,5.003,4.288,Entire Series
7/1/2023,3.709,4.681,4.33,4.403,Entire Series
8/1/2023,4.605,3.9,4.157,4.291,Entire Series
9/1/2023,4.043,4.422,4.324,4.161,Entire Series
10/1/2023,4.404,3.76,4.224,4.091,Entire Series
11/1/2023,4.045,4.574,4.225,4.167,Entire Series
12/1/2023,4.125,3.905,4.085,4.239,Entire Series
1/1/2024,3.631,4.299,3.878,4.102,Entire Series
2/1/2024,3.885,3.982,3.758,4.14,Entire Series
3/1/2024,3.525,4.16,3.705,4.071,Entire Series
4/1/2024,3.974,3.915,3.75,4.037,Entire Series
5/1/2024,3.61,4.327,3.792,4.121,Entire Series
6/1/2024,3.923,4.758,3.767,4.543,Entire Series
7/1/2024,3.899,4.122,3.811,4.402,Entire Series
8/1/2024,3.871,4.39,3.898,4.423,Entire Series
9/1/2024,3.894,3.984,3.888,4.165,Entire Series
10/1/2024,3.661,4.054,3.808,4.142,Entire Series
11/1/2024,4.047,4.851,3.867,4.296,Entire Series
12/1/2024,4.124,4.49,3.944,4.465,Entire Series
1/1/2025,3.324,4.298,3.832,4.547,Entire Series
2/1/2025,3.693,4.446,3.714,4.411,Entire Series
3/1/2025,3.556,4.427,3.524,4.39,Entire Series
4/1/2025,3.67,4.594,3.64,4.489,Entire Series
5/1/2025,3.994,3.944,3.74,4.322,Entire Series
6/1/2025,3.595,4.241,3.753,4.26,Entire Series
7/1/2025,3.731,4.307,3.773,4.164,Entire Series
8/1/2025,4.07,4.164,3.799,4.237,Entire Series
9/1/2025,3.841,4.07,3.88,4.18,Entire Series
10/1/2025,3.781,4.725,3.897,4.32,Entire Series
11/1/2025,3.949,4.314,3.857,4.37,Entire Series
12/1/2025,3.87,3.942,3.867,4.327,Entire Series
1/1/2026,3.389,4.6,3.736,4.286,Entire Series
2/1/2026,3.913,4.496,3.724,4.346,Entire Series
3/1/2026,3.417,4.194,3.573,4.43,Entire Series
4/1/2026,3.578,4.711,3.636,4.467,Entire Series
5/1/2026,3.777,3.906,3.591,4.271,Entire Series
6/1/2026,3.6,3.96,3.651,4.193,Entire Series
7/1/2026,3.172,4.687,3.516,4.185,Entire Series
8/1/2026,3.95,4.129,3.574,4.259,Entire Series
8/1/2025,4.07,4.164,3.799,4.237,Last 12 months
9/1/2025,3.841,4.07,3.88,4.18,Last 12 months
10/1/2025,3.781,4.725,3.897,4.32,Last 12 months
11/1/2025,3.949,4.314,3.857,4.37,Last 12 months
12/1/2025,3.87,3.942,3.867,4.327,Last 12 months
1/1/2026,3.389,4.6,3.736,4.286,Last 12 months
2/1/2026,3.913,4.496,3.724,4.346,Last 12 months
3/1/2026,3.417,4.194,3.573,4.43,Last 12 months
4/1/2026,3.578,4.711,3.636,4.467,Last 12 months
5/1/2026,3.777,3.906,3.591,4.271,Last 12 months
6/1/2026,3.6,3.96,3.651,4.193,Last 12 months
7/1/2026,3.172,4.687,3.516,4.185,Last 12 months
8/1/2026,3.95,4.129,3.574,4.259,Last 12 months
8/1/2023,4.605,3.9,4.157,4.291,Last 3 years
9/1/2023,4.043,4.422,4.324,4.161,Last 3 years
10/1/2023,4.404,3.76,4.224,4.091,Last 3 years
11/1/2023,4.045,4.574,4.225,4.167,Last 3 years
12/1/2023,4.125,3.905,4.085,4.239,Last 3 years
1/1/2024,3.631,4.299,3.878,4.102,Last 3 years
2/1/2024,3.885,3.982,3.758,4.14,Last 3 years
3/1/2024,3.525,4.16,3.705,4.071,Last 3 years
4/1/2024,3.974,3.915,3.75,4.037,Last 3 years
5/1/2024,3.61,4.327,3.792,4.121,Last 3 years
6/1/2024,3.923,4.758,3.767,4.543,Last 3 years
7/1/2024,3.899,4.122,3.811,4.402,Last 3 years
8/1/2024,3.871,4.39,3.898,4.423,Last 3 years
9/1/2024,3.894,3.984,3.888,4.165,Last 3 years
10/1/2024,3.661,4.054,3.808,4.142,Last 3 years
11/1/2024,4.047,4.851,3.867,4.296,Last 3 years
12/1/2024,4.124,4.49,3.944,4.465,Last 3 years
1/1/2025,3.324,4.298,3.832,4.547,Last 3 years
2/1/2025,3.693,4.446,3.714,4.411,Last 3 years
3/1/2025,3.556,4.427,3.524,4.39,Last 3 years
4/1/2025,3.67,4.594,3.64,4.489,Last 3 years
5/1/2025,3.994,3.944,3.74,4.322,Last 3 years
6/1/2025,3.595,4.241,3.753,4.26,Last 3 years
7/1/2025,3.731,4.307,3.773,4.164,Last 3 years
8/1/2025,4.07,4.164,3.799,4.237,Last 3 years
9/1/2025,3.841,4.07,3.88,4.18,Last 3 years
10/1/2025,3.781,4.725,3.897,4.32,Last 3 years
11/1/2025,3.949,4.314,3.857,4.37,Last 3 years
12/1/2025,3.87,3.942,3.867,4.327,Last 3 years
1/1/2026,3.389,4.6,3.736,4.286,Last 3 years
2/1/2026,3.913,4.496,3.724,4.346,Last 3 years
3/1/2026,3.417,4.194,3.573,4.43,Last 3 years
4/1/2026,3.578,4.711,3.636,4.467,Last 3 years
5/1/2026,3.777,3.906,3.591,4.271,Last 3 years
6/1/2026,3.6,3.96,3.651,4.193,Last 3 years
7/1/2026,3.172,4.687,3.516,4.185,Last 3 years
8/1/2026,3.95,4.129,3.574,4.259,Last 3 years
8/1/2021,4.315,4.294,4.786,4.789,Last 5 years
9/1/2021,4.276,6.085,4.295,5.19,Last 5 years
10/1/2021,4.461,4.349,4.369,5.217,Last 5 years
11/1/2021,4.504,4.809,4.483,4.579,Last 5 years
12/1/2021,4.334,4.411,4.419,4.61,Last 5 years
1/1/2022,4.246,5.311,4.29,4.861,Last 5 years
2/1/2022,4.319,5.464,4.283,5.387,Last 5 years
3/1/2022,4.548,4.902,4.434,5.183,Last 5 years
4/1/2022,4.301,4.385,4.425,4.643,Last 5 years
5/1/2022,4.587,4.733,4.444,4.559,Last 5 years
6/1/2022,4.91,5.018,4.748,4.876,Last 5 years
7/1/2022,5.168,5.05,5.039,5.034,Last 5 years
8/1/2022,4.355,5.762,4.761,5.406,Last 5 years
9/1/2022,3.916,5.235,4.136,5.499,Last 5 years
10/1/2022,4.843,4.176,4.38,4.706,Last 5 years
11/1/2022,4.534,4.254,4.689,4.215,Last 5 years
12/1/2022,4.382,4.271,4.458,4.263,Last 5 years
1/1/2023,4.156,4.417,4.269,4.344,Last 5 years
2/1/2023,3.924,4.168,4.04,4.293,Last 5 years
3/1/2023,4.705,4.406,4.315,4.287,Last 5 years
4/1/2023,4.436,4.522,4.57,4.464,Last 5 years
5/1/2023,5.055,4.452,4.745,4.487,Last 5 years
6/1/2023,4.951,4.124,5.003,4.288,Last 5 years
7/1/2023,3.709,4.681,4.33,4.403,Last 5 years
8/1/2023,4.605,3.9,4.157,4.291,Last 5 years
9/1/2023,4.043,4.422,4.324,4.161,Last 5 years
10/1/2023,4.404,3.76,4.224,4.091,Last 5 years
11/1/2023,4.045,4.574,4.225,4.167,Last 5 years
12/1/2023,4.125,3.905,4.085,4.239,Last 5 years
1/1/2024,3.631,4.299,3.878,4.102,Last 5 years
2/1/2024,3.885,3.982,3.758,4.14,Last 5 years
3/1/2024,3.525,4.16,3.705,4.071,Last 5 years
4/1/2024,3.974,3.915,3.75,4.037,Last 5 years
5/1/2024,3.61,4.327,3.792,4.121,Last 5 years
6/1/2024,3.923,4.758,3.767,4.543,Last 5 years
7/1/2024,3.899,4.122,3.811,4.402,Last 5 years
8/1/2024,3.871,4.39,3.898,4.423,Last 5 years
9/1/2024,3.894,3.984,3.888,4.165,Last 5 years
10/1/2024,3.661,4.054,3.808,4.142,Last 5 years
11/1/2024,4.047,4.851,3.867,4.296,Last 5 years
12/1/2024,4.124,4.49,3.944,4.465,Last 5 years
1/1/2025,3.324,4.298,3.832,4.547,Last 5 years
2/1/2025,3.693,4.446,3.714,4.411,Last 5 years
3/1/2025,3.556,4.427,3.524,4.39,Last 5 years
4/1/2025,3.67,4.594,3.64,4.489,Last 5 years
5/1/2025,3.994,3.944,3.74,4.322,Last 5 years
6/1/2025,3.595,4.241,3.753,4.26,Last 5 years
7/1/2025,3.731,4.307,3.773,4.164,Last 5 years
8/1/2025,4.07,4.164,3.799,4.237,Last 5 years
9/1/2025,3.841,4.07,3.88,4.18,Last 5 years
10/1/2025,3.781,4.725,3.897,4.32,Last 5 years
11/1/2025,3.949,4.314,3.857,4.37,Last 5 years
12/1/2025,3.87,3.942,3.867,4.327,Last 5 years
1/1/2026,3.389,4.6,3.736,4.286,Last 5 years
2/1/2026,3.913,4.496,3.724,4.346,Last 5 years
3/1/2026,3.417,4.194,3.573,4.43,Last 5 years
4/1/2026,3.578,4.711,3.636,4.467,Last 5 years
5/1/2026,3.777,3.906,3.591,4.271,Last 5 years
6/1/2026,3.6,3.96,3.651,4.193,Last 5 years
7/1/2026,3.172,4.687,3.516,4.185,Last 5 years
8/1/2026,3.95,4.129,3.574,4.259,Last 5 years
1/1/2018,3.35,4.025,3.133,3.882,2018 onward
2/1/2018,2.399,3.6,2.874,3.813,2018 onward
3/1/2018,3.211,4.307,2.805,3.954,2018 onward
4/1/2018,2.946,3.537,3.079,3.922,2018 onward
5/1/2018,2.929,4.003,2.938,3.77,2018 onward
6/1/2018,2.677,3.576,2.803,3.79,2018 onward
7/1/2018,3.498,4.153,3.088,3.864,2018 onward
8/1/2018,2.579,4.111,3.038,4.132,2018 onward
9/1/2018,3.24,4.008,2.909,4.06,2018 onward
10/1/2018,2.776,3.735,3.008,3.872,2018 onward
11/1/2018,3.29,4.278,3.033,4.007,2018 onward
12/1/2018,3.155,3.865,3.222,4.071,2018 onward
1/1/2019,3.094,3.527,3.124,3.696,2018 onward
2/1/2019,2.917,3.621,3.005,3.574,2018 onward
3/1/2019,2.955,3.584,2.936,3.603,2018 onward
4/1/2019,3.293,4.114,3.124,3.849,2018 onward
5/1/2019,2.644,4.379,2.969,4.246,2018 onward
6/1/2019,3.609,3.984,3.182,4.159,2018 onward
7/1/2019,2.892,3.675,3.048,4.013,2018 onward
8/1/2019,3.783,3.969,3.428,3.876,2018 onward
9/1/2019,3.078,3.765,3.251,3.803,2018 onward
10/1/2019,3.016,4.083,3.292,3.939,2018 onward
11/1/2019,3.006,4.379,3.033,4.076,2018 onward
12/1/2019,3.39,4.176,3.137,4.213,2018 onward
1/1/2020,2.685,3.782,3.027,4.112,2018 onward
2/1/2020,3.188,4.349,3.088,4.102,2018 onward
3/1/2020,5.225,4.275,3.699,4.135,2018 onward
4/1/2020,5.941,6.266,4.785,4.963,2018 onward
5/1/2020,6.394,6.564,5.853,5.702,2018 onward
6/1/2020,5.915,5.282,6.083,6.037,2018 onward
7/1/2020,5.394,5.049,5.901,5.632,2018 onward
8/1/2020,6.005,5.934,5.771,5.422,2018 onward
9/1/2020,4.867,5.475,5.436,5.704,2018 onward
10/1/2020,5.354,5.601,5.111,5.538,2018 onward
11/1/2020,5.046,5.406,5.2,5.504,2018 onward
12/1/2020,4.977,5.294,5.011,5.35,2018 onward
1/1/2021,3.982,5.226,4.48,5.26,2018 onward
2/1/2021,4.559,5.185,4.271,5.205,2018 onward
3/1/2021,4.568,5.038,4.564,5.111,2018 onward
4/1/2021,4.62,4.499,4.594,4.769,2018 onward
5/1/2021,4.052,5.056,4.336,4.777,2018 onward
6/1/2021,4.219,4.401,4.135,4.728,2018 onward
7/1/2021,5.258,5.284,4.739,4.842,2018 onward
8/1/2021,4.315,4.294,4.786,4.789,2018 onward
9/1/2021,4.276,6.085,4.295,5.19,2018 onward
10/1/2021,4.461,4.349,4.369,5.217,2018 onward
11/1/2021,4.504,4.809,4.483,4.579,2018 onward
12/1/2021,4.334,4.411,4.419,4.61,2018 onward
1/1/2022,4.246,5.311,4.29,4.861,2018 onward
2/1/2022,4.319,5.464,4.283,5.387,2018 onward
3/1/2022,4.548,4.902,4.434,5.183,2018 onward
4/1/2022,4.301,4.385,4.425,4.643,2018 onward
5/1/2022,4.587,4.733,4.444,4.559,2018 onward
6/1/2022,4.91,5.018,4.748,4.876,2018 onward
7/1/2022,5.168,5.05,5.039,5.034,2018 onward
8/1/2022,4.355,5.762,4.761,5.406,2018 onward
9/1/2022,3.916,5.235,4.136,5.499,2018 onward
10/1/2022,4.843,4.176,4.38,4.706,2018 onward
11/1/2022,4.534,4.254,4.689,4.215,2018 onward
12/1/2022,4.382,4.271,4.458,4.263,2018 onward
1/1/2023,4.156,4.417,4.269,4.344,2018 onward
2/1/2023,3.924,4.168,4.04,4.293,2018 onward
3/1/2023,4.705,4.406,4.315,4.287,2018 onward
4/1/2023,4.436,4.522,4.57,4.464,2018 onward
5/1/2023,5.055,4.452,4.745,4.487,2018 onward
6/1/2023,4.951,4.124,5.003,4.288,2018 onward
7/1/2023,3.709,4.681,4.33,4.403,2018 onward
8/1/2023,4.605,3.9,4.157,4.291,2018 onward
9/1/2023,4.043,4.422,4.324,4.161,2018 onward
10/1/2023,4.404,3.76,4.224,4.091,2018 onward
11/1/2023,4.045,4.574,4.225,4.167,2018 onward
12/1/2023,4.125,3.905,4.085,4.239,2018 onward
1/1/2024,3.631,4.299,3.878,4.102,2018 onward
2/1/2024,3.885,3.982,3.758,4.14,2018 onward
3/1/2024,3.525,4.16,3.705,4.071,2018 onward
4/1/2024,3.974,3.915,3.75,4.037,2018 onward
5/1/2024,3.61,4.327,3.792,4.121,2018 onward
6/1/2024,3.923,4.758,3.767,4.543,2018 onward
7/1/2024,3.899,4.122,3.811,4.402,2018 onward
8/1/2024,3.871,4.39,3.898,4.423,2018 onward
9/1/2024,3.894,3.984,3.888,4.165,2018 onward
10/1/2024,3.661,4.054,3.808,4.142,2018 onward
11/1/2024,4.047,4.851,3.867,4.296,2018 onward
12/1/2024,4.124,4.49,3.944,4.465,2018 onward
1/1/2025,3.324,4.298,3.832,4.547,2018 onward
2/1/2025,3.693,4.446,3.714,4.411,2018 onward
3/1/2025,3.556,4.427,3.524,4.39,2018 onward
4/1/2025,3.67,4.594,3.64,4.489,2018 onward
5/1/2025,3.994,3.944,3.74,4.322,2018 onward
6/1/2025,3.595,4.241,3.753,4.26,2018 onward
7/1/2025,3.731,4.307,3.773,4.164,2018 onward
8/1/2025,4.07,4.164,3.799,4.237,2018 onward
9/1/2025,3.841,4.07,3.88,4.18,2018 onward
10/1/2025,3.781,4.725,3.897,4.32,2018 onward
11/1/2025,3.949,4.314,3.857,4.37,2018 onward
12/1/2025,3.87,3.942,3.867,4.327,2018 onward
1/1/2026,3.389,4.6,3.736,4.286,2018 onward
2/1/2026,3.913,4.496,3.724,4.346,2018 onward
3/1/2026,3.417,4.194,3.573,4.43,2018 onward
4/1/2026,3.578,4.711,3.636,4.467,2018 onward
5/1/2026,3.777,3.906,3.591,4.271,2018 onward
6/1/2026,3.6,3.96,3.651,4.193,2018 onward
7/1/2026,3.172,4.687,3.516,4.185,2018 onward
8/1/2026,3.95,4.129,3.574,4.259,2018 onward
